{
    "train_results": {
        "f_g_small_i_count": 0.009562721667811361,
        "f_g_all_caps_wordcount": 0.05318907092183183,
        "f_g_sentence_wo_cap_at_start": 0.08789408306356902,
        "f_g_sentence_lower_at_start": 0.056701930417379934,
        "f_g_fullstop_wo_whitespace_count": 0.021233501805691078,
        "f_g_a_an_error_count": 0.024302526418981386,
        "f_g_cont_punct_count": 0.05427143894736414,
        "f_i_quotation_count": 0.08152007423339612,
        "f_i_emoticons_count": 0.022658361069222564,
        "f_i_happy_emoticons_count": 0.020132024103784164,
        "f_i_question_count": 0.07275573550488103,
        "f_i_exclamation_count": 0.07181656175254417,
        "f_o_sentiment_score_neg": 0.06797319242433712,
        "f_o_sentiment_score_neu": 0.05553966970011441,
        "f_o_sentiment_score_pos": 0.04894490547328483,
        "f_o_he_she_ratio": 0.06271033726890045,
        "f_o_swear_word_count": 0.04152147640426875,
        "f_d_character_count": 0.049446484244251965,
        "f_d_word_count": 0.07590630178683902,
        "f_d_sentence_count": 0.09731336581604653,
        "f_d_punctuation_count": 0.09398724059204339,
        "f_d_digit_count": 0.04447832603771938,
        "f_d_uppercase_count": 0.0902139802907119,
        "f_d_short_word_count": 0.07491970354069938,
        "f_d_alphabet_count": 0.03391707167156222,
        "f_d_contraction_count": 0.037168329292094245,
        "f_d_word_without_vowels_count": 0.0690800698341845,
        "f_d_hapax_legomenon_count": 0.07856495700246958,
        "f_c_mean_word_length": 0.07667566800381911,
        "f_c_mean_sentence_length": 0.07667566800381911,
        "f_c_word_length_standard_deviation": 0.1038222020628274,
        "f_c_sentence_length_standard_deviation": 0.1038222020628274,
        "f_c_mean_word_frequency": 0.08295096090376275,
        "f_c_lexical_diversity_coefficient": 0.09274463062893497,
        "f_c_syntactic_complexity_coefficient": 0.007011554266074311,
        "f_c_herdans_log_type_token_richness": 0.08934411069441563,
        "f_p_pos_common_noun_ratio": 0.08349346303645018,
        "f_p_pos_proper_noun_ratio": 0.09455806139590679,
        "f_p_pos_base_adjective_ratio": 0.05372356271559949,
        "f_p_pos_comparative_adjective_ratio": 0.05585655068377426,
        "f_p_pos_superlative_adjective_ratio": 0.048872552596296824,
        "f_p_pos_base_adverb_ratio": 0.08054055881309864,
        "f_p_pos_comparative_adverb_ratio": 0.04396460937776044,
        "f_p_pos_superlative_adverb_ratio": 0.032230878935564596,
        "f_p_pos_infinitive_verb_ratio": 0.054733949503694077,
        "f_p_pos_present_tense_1st_2nd_person_verb_ratio": 0.05952592083075674,
        "f_p_pos_present_tense_3rd_person_verb_ratio": 0.08405488209107723,
        "f_p_pos_past_tense_verb_ratio": 0.08468178124086394,
        "f_p_pos_present_participle_verb_ratio": 0.05641290641050154,
        "f_p_pos_past_participle_verb_ratio": 0.06240619966682308,
        "f_p_pos_modal_auxiliary_verb_ratio": 0.05687717274041816,
        "f_p_pos_pronoun_ratio": 0.08622529168027762,
        "f_p_pos_genetive_ratio": 0.011406935832473585,
        "f_p_pos_interjection_ratio": 0.04694935798864882,
        "f_p_pos_foreign_word_ratio": 0.028454835776076236,
        "f_p_pos_numeral_ratio": 0.049708139057792554,
        "f_p_pos_parenthesis_ratio": 0.05102529095655839
    },
    "dev_results": {
        "f_g_small_i_count": 0.009446914225941424,
        "f_g_all_caps_wordcount": 0.07027321513849565,
        "f_g_sentence_wo_cap_at_start": 0.09273035101872361,
        "f_g_sentence_lower_at_start": 0.04512487833890417,
        "f_g_fullstop_wo_whitespace_count": 0.03563126784884107,
        "f_g_a_an_error_count": 0.02803284171731132,
        "f_g_cont_punct_count": 0.05674764397704183,
        "f_i_quotation_count": 0.07786498541251156,
        "f_i_emoticons_count": 0.037618372498555076,
        "f_i_happy_emoticons_count": 0.019940291150655615,
        "f_i_question_count": 0.05143569185823597,
        "f_i_exclamation_count": 0.06777694283117304,
        "f_o_sentiment_score_neg": 0.07099626098847,
        "f_o_sentiment_score_neu": 0.04860936321470112,
        "f_o_sentiment_score_pos": 0.0458406088194562,
        "f_o_he_she_ratio": 0.036872376005483105,
        "f_o_swear_word_count": 0.03589396082627685,
        "f_d_character_count": 0.03411527440514608,
        "f_d_word_count": 0.06369342393626498,
        "f_d_sentence_count": 0.09789046882121819,
        "f_d_punctuation_count": 0.07104004074186113,
        "f_d_digit_count": 0.042534475777363044,
        "f_d_uppercase_count": 0.10362138161396615,
        "f_d_short_word_count": 0.0520526345681582,
        "f_d_alphabet_count": 0.021148149977533965,
        "f_d_contraction_count": 0.04792306716992909,
        "f_d_word_without_vowels_count": 0.0599800515885727,
        "f_d_hapax_legomenon_count": 0.06827875994174604,
        "f_c_mean_word_length": 0.06820207243482518,
        "f_c_mean_sentence_length": 0.06820207243482518,
        "f_c_word_length_standard_deviation": 0.10304382074460017,
        "f_c_sentence_length_standard_deviation": 0.10304382074460017,
        "f_c_mean_word_frequency": 0.07612406436359084,
        "f_c_lexical_diversity_coefficient": 0.05275824371229574,
        "f_c_syntactic_complexity_coefficient": 0.009446914225941424,
        "f_c_herdans_log_type_token_richness": 0.05336710857152039,
        "f_p_pos_common_noun_ratio": 0.06944022969127572,
        "f_p_pos_proper_noun_ratio": 0.10339748230823774,
        "f_p_pos_base_adjective_ratio": 0.031741438598919994,
        "f_p_pos_comparative_adjective_ratio": 0.04462737142530399,
        "f_p_pos_superlative_adjective_ratio": 0.0542699246014499,
        "f_p_pos_base_adverb_ratio": 0.046768571177132484,
        "f_p_pos_comparative_adverb_ratio": 0.027169242888215824,
        "f_p_pos_superlative_adverb_ratio": 0.03832436740386531,
        "f_p_pos_infinitive_verb_ratio": 0.05651871554965827,
        "f_p_pos_present_tense_1st_2nd_person_verb_ratio": 0.08034079194712267,
        "f_p_pos_present_tense_3rd_person_verb_ratio": 0.07728489548573231,
        "f_p_pos_past_tense_verb_ratio": 0.08132990055263448,
        "f_p_pos_present_participle_verb_ratio": 0.06546444769432037,
        "f_p_pos_past_participle_verb_ratio": 0.06491872677474243,
        "f_p_pos_modal_auxiliary_verb_ratio": 0.027446579396158337,
        "f_p_pos_pronoun_ratio": 0.07740033924238311,
        "f_p_pos_genetive_ratio": 0.008996642796897481,
        "f_p_pos_interjection_ratio": 0.05004422079312776,
        "f_p_pos_foreign_word_ratio": 0.012697205165824411,
        "f_p_pos_numeral_ratio": 0.05108926627297208,
        "f_p_pos_parenthesis_ratio": 0.08018632853692555
    },
    "test_results": {
        "f_g_small_i_count": 0.012630404463040448,
        "f_g_all_caps_wordcount": 0.05859310604692787,
        "f_g_sentence_wo_cap_at_start": 0.0819395615656442,
        "f_g_sentence_lower_at_start": 0.056243845080704985,
        "f_g_fullstop_wo_whitespace_count": 0.02455575694950282,
        "f_g_a_an_error_count": 0.02032490947739863,
        "f_g_cont_punct_count": 0.04209009163623811,
        "f_i_quotation_count": 0.0689905674588924,
        "f_i_emoticons_count": 0.019491289794650167,
        "f_i_happy_emoticons_count": 0.004958933829226717,
        "f_i_question_count": 0.04867674416713033,
        "f_i_exclamation_count": 0.10179476879002454,
        "f_o_sentiment_score_neg": 0.0570686106746263,
        "f_o_sentiment_score_neu": 0.046547053841702594,
        "f_o_sentiment_score_pos": 0.031470339585439974,
        "f_o_he_she_ratio": 0.04852413510252264,
        "f_o_swear_word_count": 0.009117924329888234,
        "f_d_character_count": 0.021012824126934778,
        "f_d_word_count": 0.06936147097101263,
        "f_d_sentence_count": 0.0959921507947704,
        "f_d_punctuation_count": 0.1203119458834419,
        "f_d_digit_count": 0.040586662961805804,