{
    "train_results": {
        "d": 0.6241575228774978,
        "c": 0.33974512013880975,
        "p": 0.7677536729729857,
        "g": 0.2775276500425431,
        "i": 0.23768471616388778,
        "o": 0.239699599316806
    },
    "dev_results": {
        "d": 0.5497232094567013,
        "c": 0.293117783623668,
        "p": 0.5977371964617736,
        "g": 0.23328320109441594,
        "i": 0.22331241324644108,
        "o": 0.25068065513367793
    },
    "test_results": {
        "d": 0.5740347409132535,
        "c": 0.37797170385274875,
        "p": 0.6138055865707223,
        "g": 0.30741306799307094,
        "i": 0.2561655735669129,
        "o": 0.1780142182400154
    }
}