{
    "train_results": {
        "d": 0.9194889836521393,
        "c": 0.9441819833835212,
        "p": 0.8444890021691573,
        "g": 0.9351930482073808,
        "i": 0.9346771805460506,
        "o": 0.9272689696358896
    },
    "dev_results": {
        "d": 0.8094570940318602,
        "c": 0.8066566893941156,
        "p": 0.7530624449286923,
        "g": 0.8232745789482826,
        "i": 0.8096948459245288,
        "o": 0.8128460039667821
    },
    "test_results": {
        "d": 0.8421223145340607,
        "c": 0.8526141746598315,
        "p": 0.7456246003290472,
        "g": 0.8440854138218188,
        "i": 0.8626692514574654,
        "o": 0.8376736144140375
    }
}