{
    "train_results": {
        "f_g_small_i_count": 0.948283512254857,
        "f_g_all_caps_wordcount": 0.9472261022790311,
        "f_g_sentence_wo_cap_at_start": 0.9433552731566424,
        "f_g_sentence_lower_at_start": 0.9426515985985567,
        "f_g_fullstop_wo_whitespace_count": 0.9492930093390984,
        "f_g_a_an_error_count": 0.9489114698109249,
        "f_g_cont_punct_count": 0.9447421810752953,
        "f_i_quotation_count": 0.946937239107039,
        "f_i_emoticons_count": 0.9489697029854163,
        "f_i_happy_emoticons_count": 0.9486142012986575,
        "f_i_question_count": 0.9390174963100479,
        "f_i_exclamation_count": 0.9394608847795793,
        "f_o_sentiment_score_neg": 0.9465151602167997,
        "f_o_sentiment_score_neu": 0.9468559343862777,
        "f_o_sentiment_score_pos": 0.9496434825399951,
        "f_o_he_she_ratio": 0.9399551048905461,
        "f_o_swear_word_count": 0.9430585435740534,
        "f_d_character_count": 0.9476131693501672,
        "f_d_word_count": 0.9471818914812004,
        "f_d_sentence_count": 0.9387930191516536,
        "f_d_punctuation_count": 0.9450089062264913,
        "f_d_digit_count": 0.946163704573219,
        "f_d_uppercase_count": 0.9496738019205454,
        "f_d_short_word_count": 0.9454259375773599,
        "f_d_alphabet_count": 0.9482066006318598,
        "f_d_contraction_count": 0.9434001944136475,
        "f_d_word_without_vowels_count": 0.9471950815126033,
        "f_d_hapax_legomenon_count": 0.9478927757622458,
        "f_c_mean_word_length": 0.9450950114894848,
        "f_c_mean_sentence_length": 0.9450950114894848,
        "f_c_word_length_standard_deviation": 0.9450686398898037,
        "f_c_sentence_length_standard_deviation": 0.9450686398898037,
        "f_c_mean_word_frequency": 0.9472705381588743,
        "f_c_lexical_diversity_coefficient": 0.9475266275081701,
        "f_c_syntactic_complexity_coefficient": 0.9493166376322308,
        "f_c_herdans_log_type_token_richness": 0.9475490625345819,
        "f_p_pos_common_noun_ratio": 0.9475755207569495,
        "f_p_pos_proper_noun_ratio": 0.9453228945630731,
        "f_p_pos_base_adjective_ratio": 0.9419307421915949,
        "f_p_pos_comparative_adjective_ratio": 0.9445655349583552,
        "f_p_pos_superlative_adjective_ratio": 0.9451100203768549,
        "f_p_pos_base_adverb_ratio": 0.943460488240694,
        "f_p_pos_comparative_adverb_ratio": 0.9461513779926416,
        "f_p_pos_superlative_adverb_ratio": 0.9458281414656621,
        "f_p_pos_infinitive_verb_ratio": 0.9433501602053156,
        "f_p_pos_present_tense_1st_2nd_person_verb_ratio": 0.9475490520855245,
        "f_p_pos_present_tense_3rd_person_verb_ratio": 0.9482443670436932,
        "f_p_pos_past_tense_verb_ratio": 0.946401210109513,
        "f_p_pos_present_participle_verb_ratio": 0.9437380511027916,
        "f_p_pos_past_participle_verb_ratio": 0.9432782582652564,
        "f_p_pos_modal_auxiliary_verb_ratio": 0.945439948891708,
        "f_p_pos_pronoun_ratio": 0.9461081264249249,
        "f_p_pos_genetive_ratio": 0.9489676876151262,
        "f_p_pos_interjection_ratio": 0.9430004735353693,
        "f_p_pos_foreign_word_ratio": 0.9486213741112388,
        "f_p_pos_numeral_ratio": 0.9461488944429834,
        "f_p_pos_parenthesis_ratio": 0.9436786457946131
    },
    "dev_results": {
        "f_g_small_i_count": 0.8326023963856385,
        "f_g_all_caps_wordcount": 0.8279568143034333,
        "f_g_sentence_wo_cap_at_start": 0.8403380410428929,
        "f_g_sentence_lower_at_start": 0.8278566644714079,
        "f_g_fullstop_wo_whitespace_count": 0.8319328344590999,
        "f_g_a_an_error_count": 0.8368787770538902,
        "f_g_cont_punct_count": 0.8237413448176846,
        "f_i_quotation_count": 0.8359948832733363,
        "f_i_emoticons_count": 0.8279568143034333,
        "f_i_happy_emoticons_count": 0.8270051018087475,
        "f_i_question_count": 0.8295313082234683,
        "f_i_exclamation_count": 0.8215209863568299,
        "f_o_sentiment_score_neg": 0.8320562817815619,
        "f_o_sentiment_score_neu": 0.8328677147279026,
        "f_o_sentiment_score_pos": 0.8285223460392334,
        "f_o_he_she_ratio": 0.8187714179209276,
        "f_o_swear_word_count": 0.837395964898939,
        "f_d_character_count": 0.8318301915714964,
        "f_d_word_count": 0.8320562817815619,
        "f_d_sentence_count": 0.8197807792213775,
        "f_d_punctuation_count": 0.8287219984348237,
        "f_d_digit_count": 0.824136976744979,
        "f_d_uppercase_count": 0.8279568143034333,
        "f_d_short_word_count": 0.8320562817815619,
        "f_d_alphabet_count": 0.8334764225021466,
        "f_d_contraction_count": 0.8328951776786178,
        "f_d_word_without_vowels_count": 0.823800984353855,
        "f_d_hapax_legomenon_count": 0.8284725017499601,
        "f_c_mean_word_length": 0.8279568143034333,
        "f_c_mean_sentence_length": 0.8279568143034333,
        "f_c_word_length_standard_deviation": 0.8272711707685174,
        "f_c_sentence_length_standard_deviation": 0.8272711707685174,
        "f_c_mean_word_frequency": 0.8326023963856385,
        "f_c_lexical_diversity_coefficient": 0.8279568143034333,
        "f_c_syntactic_complexity_coefficient": 0.8279568143034333,
        "f_c_herdans_log_type_token_richness": 0.8279568143034333,
        "f_p_pos_common_noun_ratio": 0.8288973279166565,
        "f_p_pos_proper_noun_ratio": 0.8238024191866952,
        "f_p_pos_base_adjective_ratio": 0.8306837430825882,
        "f_p_pos_comparative_adjective_ratio": 0.8244063501308191,
        "f_p_pos_superlative_adjective_ratio": 0.8204868539946412,
        "f_p_pos_base_adverb_ratio": 0.8336111034681695,
        "f_p_pos_comparative_adverb_ratio": 0.8374710593389546,
        "f_p_pos_superlative_adverb_ratio": 0.8196214582957313,
        "f_p_pos_infinitive_verb_ratio": 0.8271467295224733,
        "f_p_pos_present_tense_1st_2nd_person_verb_ratio": 0.827789898432864,
        "f_p_pos_present_tense_3rd_person_verb_ratio": 0.8238024191866952,
        "f_p_pos_past_tense_verb_ratio": 0.8276274326859188,
        "f_p_pos_present_participle_verb_ratio": 0.8360265043869977,
        "f_p_pos_past_participle_verb_ratio": 0.8278895275769227,
        "f_p_pos_modal_auxiliary_verb_ratio": 0.8418338590389481,
        "f_p_pos_pronoun_ratio": 0.830385251208253,
        "f_p_pos_genetive_ratio": 0.8273791116082192,
        "f_p_pos_interjection_ratio": 0.8310037434954813,
        "f_p_pos_foreign_word_ratio": 0.8279568143034333,
        "f_p_pos_numeral_ratio": 0.8107635741904811,
        "f_p_pos_parenthesis_ratio": 0.8151656565619784
    },
    "test_results": {
        "f_g_small_i_count": 0.8683942180539076,
        "f_g_all_caps_wordcount": 0.8587918000286778,
        "f_g_sentence_wo_cap_at_start": 0.859765467599131,
        "f_g_sentence_lower_at_start": 0.8501344526300258,
        "f_g_fullstop_wo_whitespace_count": 0.8642332555179957,
        "f_g_a_an_error_count": 0.8551381648507062,
        "f_g_cont_punct_count": 0.868340709419174,
        "f_i_quotation_count": 0.8638553786869803,
        "f_i_emoticons_count": 0.8673397395036381,
        "f_i_happy_emoticons_count": 0.8547012571351514,
        "f_i_question_count": 0.8612737660427235,
        "f_i_exclamation_count": 0.864952620787143,
        "f_o_sentiment_score_neg": 0.8501849921785969,
        "f_o_sentiment_score_neu": 0.8558467183968653,
        "f_o_sentiment_score_pos": 0.8554188116794702,
        "f_o_he_she_ratio": 0.8490415651471748,
        "f_o_swear_word_count": 0.8604370561142258,
        "f_d_character_count": 0.8586768578673457,
        "f_d_word_count": 0.863069257657235,
        "f_d_sentence_count": 0.851235730827734,
        "f_d_punctuation_count": 0.8686708328216803,
        "f_d_digit_count": 0.8603169004653067,
        "f_d_uppercase_count": 0.8591011108088075,
        "f_d_short_word_count": 0.8587918000286778,
        "f_d_alphabet_count": 0.872153807921824,